"position","created","Title","Title.type","Directors","Year","Genres","Release.Date..month.day.year.","URL"
288,"Fri Apr  3 20:52:26 2015","The Last Decent Conversation","Feature Film","Kevin Sheil",2015,"comedy","2015-06-01","http://www.imdb.com/title/tt3621934/"
405,"Fri Apr  3 22:22:12 2015","Self/less","Feature Film","Tarsem Singh",2015,"drama, sci_fi, thriller","2015-04-16","http://www.imdb.com/title/tt2140379/"
295,"Fri Apr  3 20:53:12 2015","Macaroni Uprising","Feature Film","Julian Montoya",2015,"action, comedy, sci_fi","2015-06-01","http://www.imdb.com/title/tt3827454/"
391,"Fri Apr  3 22:18:44 2015","The Cellar","Feature Film","Jayson L. Amoroso",2015,"horror","2015-07-04","http://www.imdb.com/title/tt4161344/"
358,"Fri Apr  3 21:20:14 2015","Overseas","Feature Film","Aunna Fu, Linda Obasi",2015,"drama","2015-06-20","http://www.imdb.com/title/tt2363325/"
385,"Fri Apr  3 22:17:33 2015","Meet Me in Montenegro","Feature Film","Alex Holdridge, Linnea Saasen",2014,"comedy, drama, romance","2014-09-07","http://www.imdb.com/title/tt2151739/"
412,"Fri Apr  3 22:23:19 2015","Donors","Feature Film","",2015,"horror","2015-07-15","http://www.imdb.com/title/tt4472846/"
320,"Fri Apr  3 21:06:33 2015","Lost Between Two Shores","Feature Film","Mike Jones",2015,"action","2015-06-08","http://www.imdb.com/title/tt3613376/"
350,"Fri Apr  3 21:18:16 2015","Alton & Kenya's Outrageous Wedding","Feature Film","Michael Fouther",2015,"comedy, family, romance","2015-06-16","http://www.imdb.com/title/tt2667170/"
397,"Fri Apr  3 22:21:01 2015","Another Dirty Movie","Feature Film","Jonathan Silverman",2012,"comedy","2012-02-29","http://www.imdb.com/title/tt1870372/"
341,"Fri Apr  3 21:15:03 2015","Blowtorch","Feature Film","Kevin Breslin",2015,"crime, drama, thriller","2015-06-15","http://www.imdb.com/title/tt2556676/"
432,"Fri Apr  3 22:26:36 2015","Fallen","Feature Film","Scott Hicks",2015,"adventure, drama, fantasy, romance, thriller","2015-07-30","http://www.imdb.com/title/tt1564777/"
340,"Fri Apr  3 21:14:51 2015","Just Our Luck","Feature Film","Crystal Burdette",2015,"romance","2015-06-14","http://www.imdb.com/title/tt3300526/"
292,"Fri Apr  3 20:52:47 2015","The Negative Split","Feature Film","Brody Chaze",2015,"drama","2015-06-01","http://www.imdb.com/title/tt4400704/"
395,"Fri Apr  3 22:19:17 2015","Fairly Normal Activity","Feature Film","Edgar Gonzalez Tornell",2015,"comedy","2015-07-05","http://www.imdb.com/title/tt4346506/"
305,"Fri Apr  3 21:01:17 2015","Where Children Play","Feature Film","Leila Djansi",2015,"drama","2015-06-04","http://www.imdb.com/title/tt3735810/"
428,"Fri Apr  3 22:25:52 2015","The Vatican Tapes","Feature Film","Mark Neveldine",2015,"horror, thriller","2015-06-04","http://www.imdb.com/title/tt1524575/"
304,"Fri Apr  3 21:01:07 2015","Joshua Bailey and the Island of Death","Feature Film","Steven Bailey",2015,"action","2015-06-03","http://www.imdb.com/title/tt3922790/"
384,"Fri Apr  3 22:16:02 2015","El Mandadero","Feature Film","Alonso O. Lara",2015,"action","2015-07-01","http://www.imdb.com/title/tt4295858/"
403,"Fri Apr  3 22:21:53 2015","I Am Potential","Feature Film","Zach Meiners",2015,"drama","2015-07-09","http://www.imdb.com/title/tt2918608/"
